[
  {"name":"安道尔共和国","en":"Andorra","tel":"376"},
  {"name":"阿拉伯联合酋长国","en":"UnitedArabEmirates","tel":"971"},
  {"name":"阿富汗","en":"Afghanistan","tel":"93"},
  {"name":"安提瓜和巴布达","en":"AntiguaandBarbuda","tel":"1268"},
  {"name":"安圭拉岛","en":"Anguilla","tel":"1264"},
  {"name":"阿尔巴尼亚","en":"Albania","tel":"355"},
  {"name":"亚美尼亚","en":"Armenia","tel":"374"},
  {"name":"阿森松","en":"Ascension","tel":"247"},
  {"name":"安哥拉","en":"Angola","tel":"244"},
  {"name":"阿根廷","en":"Argentina","tel":"54"},
  {"name":"奥地利","en":"Austria","tel":"43"},
  {"name":"澳大利亚","en":"Australia","tel":"61"},
  {"name":"阿塞拜疆","en":"Azerbaijan","tel":"994"},
  {"name":"巴巴多斯","en":"Barbados","tel":"1246"},
  {"name":"孟加拉国","en":"Bangladesh","tel":"880"},
  {"name":"比利时","en":"Belgium","tel":"32"},
  {"name":"布基纳法索","en":"Burkina-faso","tel":"226"},
  {"name":"保加利亚","en":"Bulgaria","tel":"359"},
  {"name":"巴林","en":"Bahrain","tel":"973"},
  {"name":"布隆迪","en":"Burundi","tel":"257"},
  {"name":"贝宁","en":"Benin","tel":"229"},
  {"name":"巴勒斯坦","en":"Palestine","tel":"970"},
  {"name":"百慕大群岛","en":"BermudaIs","tel":"1441"},
  {"name":"文莱","en":"Brunei","tel":"673"},
  {"name":"玻利维亚","en":"Bolivia","tel":"591"},
  {"name":"巴西","en":"Brazil","tel":"55"},
  {"name":"巴哈马","en":"Bahamas","tel":"1242"},
  {"name":"博茨瓦纳","en":"Botswana","tel":"267"},
  {"name":"白俄罗斯","en":"Belarus","tel":"375"},
  {"name":"伯利兹","en":"Belize","tel":"501"},
  {"name":"加拿大","en":"Canada","tel":"1"},
  {"name":"开曼群岛","en":"CaymanIs","tel":"1345"},
  {"name":"中非共和国","en":"CentralAfricanRepublic","tel":"236"},
  {"name":"刚果","en":"Congo","tel":"242"},
  {"name":"瑞士","en":"Switzerland","tel":"41"},
  {"name":"库克群岛","en":"CookIs","tel":"682"},
  {"name":"智利","en":"Chile","tel":"56"},
  {"name":"喀麦隆","en":"Cameroon","tel":"237"},
  {"name":"中国","en":"China","tel":"86"},
  {"name":"哥伦比亚","en":"Colombia","tel":"57"},
  {"name":"哥斯达黎加","en":"CostaRica","tel":"506"},
  {"name":"捷克","en":"Czech","tel":"420"},
  {"name":"古巴","en":"Cuba","tel":"53"},
  {"name":"塞浦路斯","en":"Cyprus","tel":"357"},
  {"name":"捷克","en":"CzechRepublic","tel":"420"},
  {"name":"德国","en":"Germany","tel":"49"},
  {"name":"吉布提","en":"Djibouti","tel":"253"},
  {"name":"丹麦","en":"Denmark","tel":"45"},
  {"name":"多米尼加共和国","en":"DominicaRep","tel":"1890"},
  {"name":"阿尔及利亚","en":"Algeria","tel":"213"},
  {"name":"厄瓜多尔","en":"Ecuador","tel":"593"},
  {"name":"爱沙尼亚","en":"Estonia","tel":"372"},
  {"name":"埃及","en":"Egypt","tel":"20"},
  {"name":"西班牙","en":"Spain","tel":"34"},
  {"name":"埃塞俄比亚","en":"Ethiopia","tel":"251"},
  {"name":"芬兰","en":"Finland","tel":"358"},
  {"name":"斐济","en":"Fiji","tel":"679"},
  {"name":"法国","en":"France","tel":"33"},
  {"name":"加蓬","en":"Gabon","tel":"241"},
  {"name":"英国","en":"UnitedKiongdom","tel":"44"},
  {"name":"格林纳达","en":"Grenada","tel":"1809"},
  {"name":"格鲁吉亚","en":"Georgia","tel":"995"},
  {"name":"法属圭亚那","en":"FrenchGuiana","tel":"594"},
  {"name":"加纳","en":"Ghana","tel":"233"},
  {"name":"直布罗陀","en":"Gibraltar","tel":"350"},
  {"name":"冈比亚","en":"Gambia","tel":"220"},
  {"name":"几内亚","en":"Guinea","tel":"224"},
  {"name":"希腊","en":"Greece","tel":"30"},
  {"name":"危地马拉","en":"Guatemala","tel":"502"},
  {"name":"关岛","en":"Guam","tel":"1671"},
  {"name":"圭亚那","en":"Guyana","tel":"592"},
  {"name":"香港特别行政区","en":"Hongkong","tel":"852"},
  {"name":"洪都拉斯","en":"Honduras","tel":"504"},
  {"name":"海地","en":"Haiti","tel":"509"},
  {"name":"匈牙利","en":"Hungary","tel":"36"},
  {"name":"印度尼西亚","en":"Indonesia","tel":"62"},
  {"name":"爱尔兰","en":"Ireland","tel":"353"},
  {"name":"以色列","en":"Israel","tel":"972"},
  {"name":"印度","en":"India","tel":"91"},
  {"name":"伊拉克","en":"Iraq","tel":"964"},
  {"name":"伊朗","en":"Iran","tel":"98"},
  {"name":"冰岛","en":"Iceland","tel":"354"},
  {"name":"意大利","en":"Italy","tel":"39"},
  {"name":"科特迪瓦","en":"IvoryCoast","tel":"225"},
  {"name":"牙买加","en":"Jamaica","tel":"1876"},
  {"name":"约旦","en":"Jordan","tel":"962"},
  {"name":"日本","en":"Japan","tel":"81"},
  {"name":"肯尼亚","en":"Kenya","tel":"254"},
  {"name":"吉尔吉斯坦","en":"Kyrgyzstan","tel":"331"},
  {"name":"柬埔寨","en":"Kampuchea(Cambodia)","tel":"855"},
  {"name":"朝鲜","en":"NorthKorea","tel":"850"},
  {"name":"韩国","en":"Korea","tel":"82"},
  {"name":"科特迪瓦共和国","en":"RepublicofIvoryCoast","tel":"225"},
  {"name":"科威特","en":"Kuwait","tel":"965"},
  {"name":"哈萨克斯坦","en":"Kazakstan","tel":"327"},
  {"name":"老挝","en":"Laos","tel":"856"},
  {"name":"黎巴嫩","en":"Lebanon","tel":"961"},
  {"name":"圣卢西亚","en":"St.Lucia","tel":"1758"},
  {"name":"列支敦士登","en":"Liechtenstein","tel":"423"},
  {"name":"斯里兰卡","en":"SriLanka","tel":"94"},
  {"name":"利比里亚","en":"Liberia","tel":"231"},
  {"name":"莱索托","en":"Lesotho","tel":"266"},
  {"name":"立陶宛","en":"Lithuania","tel":"370"},
  {"name":"卢森堡","en":"Luxembourg","tel":"352"},
  {"name":"拉脱维亚","en":"Latvia","tel":"371"},
  {"name":"利比亚","en":"Libya","tel":"218"},
  {"name":"摩洛哥","en":"Morocco","tel":"212"},
  {"name":"摩纳哥","en":"Monaco","tel":"377"},
  {"name":"摩尔多瓦","en":"Moldova,Republicof","tel":"373"},
  {"name":"马达加斯加","en":"Madagascar","tel":"261"},
  {"name":"马里","en":"Mali","tel":"223"},
  {"name":"缅甸","en":"Burma","tel":"95"},
  {"name":"蒙古","en":"Mongolia","tel":"976"},
  {"name":"澳门","en":"Macao","tel":"853"},
  {"name":"蒙特塞拉特岛","en":"MontserratIs","tel":"1664"},
  {"name":"马耳他","en":"Malta","tel":"356"},
  {"name":"马里亚那群岛","en":"MarianaIs","tel":"1670"},
  {"name":"马提尼克","en":"Martinique","tel":"596"},
  {"name":"毛里求斯","en":"Mauritius","tel":"230"},
  {"name":"马尔代夫","en":"Maldives","tel":"960"},
  {"name":"马拉维","en":"Malawi","tel":"265"},
  {"name":"墨西哥","en":"Mexico","tel":"52"},
  {"name":"马来西亚","en":"Malaysia","tel":"60"},
  {"name":"莫桑比克","en":"Mozambique","tel":"258"},
  {"name":"纳米比亚","en":"Namibia","tel":"264"},
  {"name":"尼日尔","en":"Niger","tel":"977"},
  {"name":"尼日利亚","en":"Nigeria","tel":"234"},
  {"name":"尼加拉瓜","en":"Nicaragua","tel":"505"},
  {"name":"荷兰","en":"Netherlands","tel":"31"},
  {"name":"挪威","en":"Norway","tel":"47"},
  {"name":"尼泊尔","en":"Nepal","tel":"977"},
  {"name":"荷属安的列斯","en":"NetheriandsAntilles","tel":"599"},
  {"name":"瑙鲁","en":"Nauru","tel":"674"},
  {"name":"新西兰","en":"NewZealand","tel":"64"},
  {"name":"阿曼","en":"Oman","tel":"968"},
  {"name":"巴拿马","en":"Panama","tel":"507"},
  {"name":"秘鲁","en":"Peru","tel":"51"},
  {"name":"法属玻利尼西亚","en":"FrenchPolynesia","tel":"689"},
  {"name":"巴布亚新几内亚","en":"PapuaNewCuinea","tel":"675"},
  {"name":"菲律宾","en":"Philippines","tel":"63"},
  {"name":"巴基斯坦","en":"Pakistan","tel":"92"},
  {"name":"波兰","en":"Poland","tel":"48"},
  {"name":"波多黎各","en":"PuertoRico","tel":"1787"},
  {"name":"葡萄牙","en":"Portugal","tel":"351"},
  {"name":"巴拉圭","en":"Paraguay","tel":"595"},
  {"name":"卡塔尔","en":"Qatar","tel":"974"},
  {"name":"留尼旺","en":"Reunion","tel":"262"},
  {"name":"罗马尼亚","en":"Romania","tel":"40"},
  {"name":"俄罗斯","en":"Russia","tel":"7"},
  {"name":"沙特阿拉伯","en":"SaudiArabia","tel":"966"},
  {"name":"所罗门群岛","en":"SolomonIs","tel":"677"},
  {"name":"塞舌尔","en":"Seychelles","tel":"248"},
  {"name":"苏丹","en":"Sudan","tel":"249"},
  {"name":"瑞典","en":"Sweden","tel":"46"},
  {"name":"新加坡","en":"Singapore","tel":"65"},
  {"name":"斯洛文尼亚","en":"Slovenia","tel":"386"},
  {"name":"斯洛伐克","en":"Slovakia","tel":"421"},
  {"name":"塞拉利昂","en":"SierraLeone","tel":"232"},
  {"name":"圣马力诺","en":"SanMarino","tel":"378"},
  {"name":"东萨摩亚(美)","en":"SamoaEastern","tel":"684"},
  {"name":"西萨摩亚","en":"SanMarino","tel":"685"},
  {"name":"塞内加尔","en":"Senegal","tel":"221"},
  {"name":"索马里","en":"Somali","tel":"252"},
  {"name":"苏里南","en":"Suriname","tel":"597"},
  {"name":"圣多美和普林西比","en":"SaoTomeandPrincipe","tel":"239"},
  {"name":"萨尔瓦多","en":"EISalvador","tel":"503"},
  {"name":"叙利亚","en":"Syria","tel":"963"},
  {"name":"斯威士兰","en":"Swaziland","tel":"268"},
  {"name":"乍得","en":"Chad","tel":"235"},
  {"name":"多哥","en":"Togo","tel":"228"},
  {"name":"泰国","en":"Thailand","tel":"66"},
  {"name":"塔吉克斯坦","en":"Tajikstan","tel":"992"},
  {"name":"土库曼斯坦","en":"Turkmenistan","tel":"993"},
  {"name":"突尼斯","en":"Tunisia","tel":"216"},
  {"name":"汤加","en":"Tonga","tel":"676"},
  {"name":"土耳其","en":"Turkey","tel":"90"},
  {"name":"特立尼达和多巴哥","en":"TrinidadandTobago","tel":"1809"},
  {"name":"台湾省","en":"Taiwan","tel":"886"},
  {"name":"坦桑尼亚","en":"Tanzania","tel":"255"},
  {"name":"乌克兰","en":"Ukraine","tel":"380"},
  {"name":"乌干达","en":"Uganda","tel":"256"},
  {"name":"美国","en":"UnitedStatesofAmerica","tel":"1"},
  {"name":"乌拉圭","en":"Uruguay","tel":"598"},
  {"name":"乌兹别克斯坦","en":"Uzbekistan","tel":"233"},
  {"name":"圣文森特岛","en":"SaintVincent","tel":"1784"},
  {"name":"委内瑞拉","en":"Venezuela","tel":"58"},
  {"name":"越南","en":"Vietnam","tel":"84"},
  {"name":"也门","en":"Yemen","tel":"967"},
  {"name":"南斯拉夫","en":"Yugoslavia","tel":"381"},
  {"name":"南非","en":"SouthAfrica","tel":"27"},
  {"name":"赞比亚","en":"Zambia","tel":"260"},
  {"name":"扎伊尔","en":"Zaire","tel":"243"},
  {"name":"津巴布韦","en":"Zimbabwe","tel":"263"}
]